,name,id,nametype,recclass,mass,fall,year,reclat,reclong,coordinates,locations,locations2
0,Aachen,1,Valid,L5,21.0,Fell,1880-01-01T00:00:00.000,50.775,6.08333,"[6.08333, 50.775]",Germany,Germany
1,Aarhus,2,Valid,H6,720.0,Fell,1951-01-01T00:00:00.000,56.18333,10.23333,"[10.23333, 56.18333]",Denmark,Denmark
3,Acapulco,10,Valid,Acapulcoite,1914.0,Fell,1976-01-01T00:00:00.000,16.88333,-99.9,"[-99.9, 16.88333]",Mexico,Mexico
4,Achiras,370,Valid,L6,780.0,Fell,1902-01-01T00:00:00.000,-33.16667,-64.95,"[-64.95, -33.16667]",Argentina,Argentina
6,Adzhi-Bogdo (stone),390,Valid,LL3-6,910.0,Fell,1949-01-01T00:00:00.000,44.83333,95.16667,"[95.16667, 44.83333]",Mongolia,Mongolia
8,Aguada,398,Valid,L6,1620.0,Fell,1930-01-01T00:00:00.000,-31.6,-65.23333,"[-65.23333, -31.6]",Argentina,Argentina
9,Aguila Blanca,417,Valid,L,1440.0,Fell,1920-01-01T00:00:00.000,-30.86667,-64.55,"[-64.55, -30.86667]",Argentina,Argentina
10,Aioun el Atrouss,423,Valid,Diogenite-pm,1000.0,Fell,1974-01-01T00:00:00.000,16.39806,-9.57028,"[-9.57028, 16.39806]",Mauritania,Mauritania
13,Akaba,426,Valid,L6,779.0,Fell,1949-01-01T00:00:00.000,29.51667,35.05,"[35.05, 29.51667]",Jordan,Jordan
14,Akbarpur,427,Valid,H4,1800.0,Fell,1838-01-01T00:00:00.000,29.71667,77.95,"[77.95, 29.71667]",India,India
17,Al Rais,446,Valid,CR2-an,160.0,Fell,1957-01-01T00:00:00.000,24.41667,39.51667,"[39.51667, 24.41667]",Saudi Arabia,Saudi Arabia
18,Al Zarnkh,447,Valid,LL5,700.0,Fell,2001-01-01T00:00:00.000,13.66033,28.96,"[28.96, 13.66033]",Sudan,Sudan
21,Alberta,454,Valid,L,625.0,Fell,1949-01-01T00:00:00.000,2.0,22.66667,"[22.66667, 2]",Democratic Republic of the Congo,Democratic Republic of the Congo
22,Alby sur Chéran,458,Valid,Eucrite-mmict,252.0,Fell,2002-01-01T00:00:00.000,45.82133,6.01533,"[6.01533, 45.82133]",France,France
23,Aldsworth,461,Valid,LL5,700.0,Fell,1835-01-01T00:00:00.000,51.78333,-1.78333,"[-1.78333, 51.78333]",United Kingdom,United Kingdom
25,Alessandria,463,Valid,H5,908.0,Fell,1860-01-01T00:00:00.000,44.88333,8.75,"[8.75, 44.88333]",Italy,Italy
35,Andreevka,2296,Valid,L3,600.0,Fell,1969-01-01T00:00:00.000,48.7,37.5,"[37.5, 48.7]",Ukraine,Ukraine
39,Angra dos Reis (stone),2302,Valid,Angrite,1500.0,Fell,1869-01-01T00:00:00.000,-22.96667,-44.31667,"[-44.31667, -22.96667]",Brazil,Brazil
42,Aomori,2313,Valid,L6,320.0,Fell,1984-01-01T00:00:00.000,40.81056,140.78556,"[140.78556, 40.81056]",Japan,Japan
45,Arbol Solo,2325,Valid,H5,810.0,Fell,1954-01-01T00:00:00.000,-33.0,-66.0,"[-66, -33]",Argentina,Argentina
48,Asco,2345,Valid,H6,41.0,Fell,1805-01-01T00:00:00.000,42.45,9.03333,"[9.03333, 42.45]",France,France
50,Ashdon,2346,Valid,L6,1300.0,Fell,1923-01-01T00:00:00.000,52.05,0.3,"[0.30000000000000004, 52.05]",United Kingdom,United Kingdom
52,Atarra,4883,Valid,L4,1280.0,Fell,1920-01-01T00:00:00.000,25.25417,80.625,"[80.625, 25.25417]",India,India
54,Athens,4885,Valid,LL6,265.0,Fell,1933-01-01T00:00:00.000,34.75,-87.0,"[-87, 34.75]",United States,United States
56,Aubres,4893,Valid,Aubrite,800.0,Fell,1836-01-01T00:00:00.000,44.38333,5.16667,"[5.16667, 44.38333]",France,France
61,Avce,4906,Valid,"Iron, IIAB",1230.0,Fell,1908-01-01T00:00:00.000,46.0,13.5,"[13.5, 46]",Slovenia,Slovenia
62,Avilez,4907,Valid,H,146.0,Fell,1855-01-01T00:00:00.000,25.0,-103.5,"[-103.5, 25]",Mexico,Mexico
63,Awere,4910,Valid,L4,134.0,Fell,1968-01-01T00:00:00.000,2.71667,32.83333,"[32.83333, 2.71667]",Uganda,Uganda
68,Baldwyn,4926,Valid,L6,345.0,Fell,1922-01-01T00:00:00.000,34.5,-88.66667,"[-88.66667, 34.5]",United States,United States
69,Bali,4928,Valid,CV3,1000.0,Fell,1907-01-01T00:00:00.000,5.38333,16.38333,"[16.38333, 5.38333]",Central African Republic,Central African Republic
73,Banswal,4937,Valid,L5,14.0,Fell,1913-01-01T00:00:00.000,30.4,78.2,"[78.2, 30.4]",India,India
74,Banten,4938,Valid,CM2,629.0,Fell,1933-01-01T00:00:00.000,-6.33333,106.0,"[106, -6.33333]",Indonesia,Indonesia
79,Barntrup,4948,Valid,LL4,17.0,Fell,1886-01-01T00:00:00.000,52.0,9.1,"[9.1, 52]",Germany,Germany
87,Bawku,4976,Valid,LL5,1557.0,Fell,1989-01-01T00:00:00.000,11.08333,-0.18333,"[-0.18333000000000002, 11.08333]",Ghana,Ghana
88,Baxter,4977,Valid,L6,611.0,Fell,1916-01-01T00:00:00.000,36.75,-93.5,"[-93.5, 36.75]",United States,United States
91,Beddgelert,4993,Valid,H5,794.0,Fell,1949-01-01T00:00:00.000,53.01667,-4.1,"[-4.1, 53.01667]",United Kingdom,United Kingdom
92,Bells,5005,Valid,C2-ung,375.0,Fell,1961-01-01T00:00:00.000,33.6,-96.46667,"[-96.46667, 33.6]",United States,United States
101,Berduc,48975,Valid,L6,270.0,Fell,2008-01-01T00:00:00.000,-31.91,-58.32833,"[-58.32833, -31.91]",Argentina,Argentina
103,Berlanguillas,5029,Valid,L6,1440.0,Fell,1811-01-01T00:00:00.000,41.68333,-3.8,"[-3.8, 41.68333]",Spain,Spain
104,Berthoud,47355,Valid,Eucrite-mmict,960.0,Fell,2004-01-01T00:00:00.000,40.30583,-105.02325,"[-105.02325, 40.30583]",United States,United States
107,Beyrout,5035,Valid,LL3.8,1100.0,Fell,1921-01-01T00:00:00.000,33.88333,35.5,"[35.5, 33.88333]",Lebanon,Lebanon
108,Bhagur,5037,Valid,L6,18.0,Fell,1877-01-01T00:00:00.000,20.88333,74.83333,"[74.83333, 20.88333]",India,India
109,Bhawad,36591,Valid,LL6,678.0,Fell,2002-01-01T00:00:00.000,26.50833,73.11528,"[73.11528, 26.50833]",India,India
110,Bherai,5039,Valid,L6,100.0,Fell,1893-01-01T00:00:00.000,20.83333,71.46667,"[71.46667, 20.83333]",India,India
111,Bhola,5040,Valid,LL3-6,1047.0,Fell,1940-01-01T00:00:00.000,22.68333,90.65,"[90.65, 22.68333]",Bangladesh,Bangladesh
114,Bielokrynitschie,5043,Valid,H4,1900.0,Fell,1887-01-01T00:00:00.000,50.13333,27.16667,"[27.16667, 50.13333]",Ukraine,Ukraine
117,Birni N'konni,5056,Valid,H4,560.0,Fell,1923-01-01T00:00:00.000,13.76667,5.3,"[5.3, 13.76667]",Nigeria,Nigeria
119,Bishunpur,5060,Valid,LL3.15,1039.0,Fell,1895-01-01T00:00:00.000,25.38333,82.6,"[82.6, 25.38333]",India,India
120,Bjelaja Zerkov,5063,Valid,H6,1850.0,Fell,1796-01-01T00:00:00.000,49.78333,30.16667,"[30.16667, 49.78333]",Ukraine,Ukraine
122,Black Moshannan Park,5065,Valid,L5,705.0,Fell,1941-01-01T00:00:00.000,40.91667,-78.08333,"[-78.08333, 40.91667]",United States,United States
125,Blansko,5072,Valid,H6,470.0,Fell,1833-01-01T00:00:00.000,49.36667,16.63333,"[16.63333, 49.36667]",Czechia,Czechia
128,Bocas,5093,Valid,L6,56.0,Fell,1804-01-01T00:00:00.000,23.0,-102.0,"[-102, 23]",Mexico,Mexico
131,Borgo San Donino,5110,Valid,LL6,1676.0,Fell,1808-01-01T00:00:00.000,44.86667,10.05,"[10.05, 44.86667]",Italy,Italy
133,Boriskino,5112,Valid,CM2,1342.0,Fell,1930-01-01T00:00:00.000,54.23333,52.48333,"[52.48333, 54.23333]",Russia,Russia
135,Borodino,5114,Valid,H5,500.0,Fell,1812-01-01T00:00:00.000,55.46667,35.86667,"[35.86667, 55.46667]",Russia,Russia
136,Botschetschki,5117,Valid,L4,614.0,Fell,1823-01-01T00:00:00.000,51.33333,33.88333,"[33.88333, 51.33333]",Ukraine,Ukraine
137,Boumdeid (2003),57168,Valid,L6,190.0,Fell,2003-01-01T00:00:00.000,17.71067,-11.3715,"[-11.3715, 17.71067]",Mauritania,Mauritania
140,Bradford Woods,5128,Valid,L,762.0,Fell,1886-01-01T00:00:00.000,40.5,-80.08333,"[-80.08333, 40.5]",United States,United States
142,Breitscheid,5134,Valid,H5,1500.0,Fell,1956-01-01T00:00:00.000,50.66694,8.18361,"[8.18361, 50.66694]",Germany,Germany
144,Brient,5140,Valid,Eucrite-pmict,219.0,Fell,1933-01-01T00:00:00.000,52.13333,59.31667,"[59.31667, 52.13333]",Russia,Russia
148,Bunburra Rockhole,48653,Valid,Eucrite,324.0,Fell,2007-01-01T00:00:00.000,-31.35,129.19,"[129.19, -31.35]",Australia,Australia
149,Bununu,5165,Valid,Howardite,357.0,Fell,1942-01-01T00:00:00.000,10.01667,9.58333,"[9.58333, 10.01667]",Nigeria,Nigeria
151,Burnwell,5175,Valid,H4-an,1504.0,Fell,1990-01-01T00:00:00.000,37.62194,-82.23722,"[-82.23722, 37.62194]",United States,United States
154,Bustee,5181,Valid,Aubrite,1500.0,Fell,1852-01-01T00:00:00.000,26.78333,82.83333,"[82.83333, 26.78333]",India,India
159,Cacak,5187,Valid,OC,212.0,Fell,1919-01-01T00:00:00.000,43.83889,20.33333,"[20.33333, 43.83889]",Serbia,Serbia
160,Cali,45976,Valid,H/L4,478.0,Fell,2007-01-01T00:00:00.000,3.405,-76.51,"[-76.51, 3.4050000000000002]",Colombia,Colombia
164,Cañellas,5251,Valid,H4,945.0,Fell,1861-01-01T00:00:00.000,41.25,1.66667,"[1.66667, 41.25]",Spain,Spain
166,Canon City,5253,Valid,H6,1400.0,Fell,1973-01-01T00:00:00.000,38.47028,-105.24139,"[-105.24139, 38.47028]",United States,United States
168,Capilla del Monte,5264,Valid,H6,750.0,Fell,1934-01-01T00:00:00.000,-30.88333,-64.55,"[-64.55, -30.88333]",Argentina,Argentina
169,Carancas,45817,Valid,H4-5,342.0,Fell,2007-01-01T00:00:00.000,-16.66444,-69.04389,"[-69.04389, -16.66444]",Peru,Peru
170,Caratash,5265,Valid,LL6,8.0,Fell,1902-01-01T00:00:00.000,38.5,27.0,"[27, 38.5]",Turkey,Turkey
173,Castine,5293,Valid,L6,94.0,Fell,1848-01-01T00:00:00.000,44.38333,-68.75,"[-68.75, 44.38333]",United States,United States
175,Caswell County,5296,Valid,OC,1360.0,Fell,1810-01-01T00:00:00.000,36.5,-79.25,"[-79.25, 36.5]",United States,United States
176,Ceniceros,5306,Valid,L3.7,1025.0,Fell,1988-01-01T00:00:00.000,26.46667,-105.23333,"[-105.23333, 26.46667]",Mexico,Mexico
184,Chandpur,5321,Valid,L6,1100.0,Fell,1885-01-01T00:00:00.000,27.28333,79.05,"[79.05, 27.28333]",India,India
185,Changde,5322,Valid,H5,1810.0,Fell,1977-01-01T00:00:00.000,29.08333,111.75,"[111.75, 29.08333]",China,China
198,Chervettaz,5341,Valid,L5,705.0,Fell,1901-01-01T00:00:00.000,46.55,6.81667,"[6.81667, 46.55]",Switzerland,Switzerland
199,Chervony Kut,5342,Valid,Eucrite-mmict,1700.0,Fell,1939-01-01T00:00:00.000,50.83333,34.0,"[34, 50.83333]",Ukraine,Ukraine
200,Chetrinahatti,5344,Valid,Stone-uncl,72.0,Fell,1880-01-01T00:00:00.000,14.5,76.5,"[76.5, 14.5]",India,India
201,Chiang Khan,5345,Valid,H6,367.0,Fell,1981-01-01T00:00:00.000,17.9,101.63333,"[101.63333, 17.9]",Laos,Laos
202,Chicora,5349,Valid,LL6,303.0,Fell,1938-01-01T00:00:00.000,40.93333,-79.73333,"[-79.73333, 40.93333]",United States,United States
206,Cilimus,5364,Valid,L5,1600.0,Fell,1979-01-01T00:00:00.000,-6.95,108.1,"[108.1, -6.95]",Indonesia,Indonesia
207,Claxton,5374,Valid,L6,1455.0,Fell,1984-01-01T00:00:00.000,32.1025,-81.87278,"[-81.87278, 32.1025]",United States,United States
211,Coleman,5401,Valid,L6,469.0,Fell,1994-01-01T00:00:00.000,43.76111,-84.50778,"[-84.50778, 43.76111]",United States,United States
214,Cosina,5451,Valid,H5,1200.0,Fell,1844-01-01T00:00:00.000,21.16667,-100.86667,"[-100.86667, 21.16667]",Mexico,Mexico
215,Cranganore,5465,Valid,L6,1460.0,Fell,1917-01-01T00:00:00.000,10.2,76.26667,"[76.26667, 10.2]",India,India
218,Cross Roads,5476,Valid,H5,167.0,Fell,1892-01-01T00:00:00.000,35.63333,-78.13333,"[-78.13333, 35.63333]",United States,United States
224,Daniel's Kuil,5513,Valid,EL6,1064.0,Fell,1868-01-01T00:00:00.000,-28.2,24.56667,"[24.56667, -28.2]",South Africa,South Africa
226,Darmstadt,6603,Valid,H5,100.0,Fell,1804-01-01T00:00:00.000,49.86667,8.65,"[8.65, 49.86667]",Germany,Germany
229,De Cewsville,6621,Valid,H6,340.0,Fell,1887-01-01T00:00:00.000,43.0,-80.0,"[-80, 43]",Canada,Canada
230,Deal,6634,Valid,L6,28.0,Fell,1829-01-01T00:00:00.000,40.25,-74.0,"[-74, 40.25]",United States,United States
233,Denver,6660,Valid,L6,230.0,Fell,1967-01-01T00:00:00.000,39.7825,-104.93056,"[-104.93056, 39.7825]",United States,United States
237,Devri-Khera,6696,Valid,L6,1140.0,Fell,1994-01-01T00:00:00.000,24.225,76.525,"[76.525, 24.225]",India,India
239,Dharwar,6699,Valid,OC,1800.0,Fell,1848-01-01T00:00:00.000,14.88333,75.6,"[75.6, 14.88333]",India,India
242,Diep River,7642,Valid,L6,1000.0,Fell,1906-01-01T00:00:00.000,-33.75,18.56667,"[18.56667, -33.75]",South Africa,South Africa
243,Distrito Quebracho,7649,Valid,H4,400.0,Fell,1957-01-01T00:00:00.000,-31.88333,-60.46667,"[-60.46667, -31.88333]",Argentina,Argentina
248,Dolgovoli,7659,Valid,L6,1600.0,Fell,1864-01-01T00:00:00.000,50.75,25.3,"[25.3, 50.75]",Ukraine,Ukraine
249,Domanitch,7661,Valid,L5,438.0,Fell,1907-01-01T00:00:00.000,40.0,29.0,"[29, 40]",Turkey,Turkey
251,Donga Kohrod,7707,Valid,H6,230.0,Fell,1899-01-01T00:00:00.000,21.86667,82.45,"[82.45, 21.86667]",India,India
254,Dosso,7722,Valid,L6,1250.0,Fell,1962-01-01T00:00:00.000,13.05,3.16667,"[3.16667, 13.05]",Niger,Niger
255,Douar Mghila,7723,Valid,LL6,1161.0,Fell,1932-01-01T00:00:00.000,32.33333,-6.3,"[-6.3, 32.33333]",Morocco,Morocco
256,Dowa,7725,Valid,Stone-uncl,642.0,Fell,1976-01-01T00:00:00.000,-13.66667,33.91667,"[33.91667, -13.66667]",Malawi,Malawi
259,Dubrovnik,7736,Valid,L3-6,1900.0,Fell,1951-01-01T00:00:00.000,42.45833,18.44167,"[18.44167, 42.45833]",Croatia,Croatia
260,Dunbogan,7743,Valid,L6,30.0,Fell,1999-01-01T00:00:00.000,-31.66667,152.83333,"[152.83333, -31.66667]",Australia,Australia
264,Duruma,7752,Valid,L6,577.0,Fell,1853-01-01T00:00:00.000,-4.0,39.5,"[39.5, -4]",Kenya,Kenya
267,Dyalpur,7757,Valid,Ureilite,300.0,Fell,1872-01-01T00:00:00.000,26.25,82.0,"[82, 26.25]",India,India
268,Dyarrl Island,7758,Valid,Mesosiderite-A1,188.0,Fell,1933-01-01T00:00:00.000,-3.0,151.0,"[151, -3]",Papua New Guinea,Papua New Guinea
273,Ekh Khera,7777,Valid,H6,840.0,Fell,1916-01-01T00:00:00.000,28.26667,78.78333,"[78.78333, 28.26667]",India,India
280,Ellemeet,10019,Valid,Diogenite,1470.0,Fell,1925-01-01T00:00:00.000,51.75,4.0,"[4, 51.75]",Netherlands,Netherlands
281,Emmaville,10033,Valid,Eucrite-mmict,127.0,Fell,1900-01-01T00:00:00.000,-29.46667,151.61667,"[151.61667, -29.46667]",Australia,Australia
284,Épinal,10041,Valid,H5,277.0,Fell,1822-01-01T00:00:00.000,48.18333,6.46667,"[6.46667, 48.18333]",France,France
285,Erakot,10042,Valid,CM2,113.0,Fell,1940-01-01T00:00:00.000,19.03333,81.89167,"[81.89167, 19.03333]",India,India
289,Esnandes,10051,Valid,L6,1500.0,Fell,1837-01-01T00:00:00.000,46.25,-1.1,"[-1.1, 46.25]",France,France
290,Essebi,10055,Valid,C2-ung,500.0,Fell,1957-01-01T00:00:00.000,2.88333,30.83333,"[30.83333, 2.88333]",Democratic Republic of the Congo,Democratic Republic of the Congo
294,Favars,10078,Valid,H5,1500.0,Fell,1844-01-01T00:00:00.000,44.38333,2.81667,"[2.8166700000000002, 44.38333]",France,France
296,Feid Chair,10080,Valid,H4,380.0,Fell,1875-01-01T00:00:00.000,36.88333,8.45,"[8.45, 36.88333]",Algeria,Algeria
298,Fenghsien-Ku,10086,Valid,H5,82.0,Fell,1924-01-01T00:00:00.000,34.6,116.75,"[116.75, 34.6]",China,China
299,Ferguson,10088,Valid,OC,220.0,Fell,1889-01-01T00:00:00.000,36.1,-81.41667,"[-81.41667, 36.1]",United States,United States
306,Forsbach,10163,Valid,H6,240.0,Fell,1900-01-01T00:00:00.000,50.95,7.31667,"[7.31667, 50.95]",Germany,Germany
309,Frankfort (stone),10177,Valid,Howardite,650.0,Fell,1868-01-01T00:00:00.000,34.48333,-87.83333,"[-87.83333, 34.48333]",United States,United States
317,Galim (b),10849,Valid,EH3/4-an,28.0,Fell,1952-01-01T00:00:00.000,7.05,12.43333,"[12.43333, 7.05]",Cameroon,Cameroon
321,Garhi Yasin,10860,Valid,"Iron, IIE",380.0,Fell,1917-01-01T00:00:00.000,27.88333,68.53333,"[68.53333, 27.88333]",Pakistan,Pakistan
322,Garland,10861,Valid,Diogenite-pm,102.0,Fell,1950-01-01T00:00:00.000,41.68333,-112.13333,"[-112.13333, 41.68333]",United States,United States
325,Geidam,10870,Valid,H5,725.0,Fell,1950-01-01T00:00:00.000,12.91667,11.91667,"[11.91667, 12.91667]",Nigeria,Nigeria
328,Git-Git,10919,Valid,L6,480.0,Fell,1947-01-01T00:00:00.000,9.6,9.91667,"[9.91667, 9.6]",Nigeria,Nigeria
329,Glanerbrug,10923,Valid,L/LL5,670.0,Fell,1990-01-01T00:00:00.000,52.2,6.86667,"[6.86667, 52.2]",Netherlands,Netherlands
330,Glanggang,10924,Valid,H5-6,1303.0,Fell,1939-01-01T00:00:00.000,-7.25,107.7,"[107.7, -7.25]",Indonesia,Indonesia
332,Glatton,10930,Valid,L6,767.0,Fell,1991-01-01T00:00:00.000,52.45972,-0.3,"[-0.30000000000000004, 52.45972]",United Kingdom,United Kingdom
333,Gnadenfrei,10936,Valid,H5,1750.0,Fell,1879-01-01T00:00:00.000,50.66667,16.76667,"[16.76667, 50.66667]",Poland,Poland
334,Gopalpur,10948,Valid,H6,1600.0,Fell,1865-01-01T00:00:00.000,24.23333,89.05,"[89.05, 24.23333]",Bangladesh,Bangladesh
338,Grimsby,50911,Valid,H5,215.0,Fell,2009-01-01T00:00:00.000,43.2,-79.61667,"[-79.61667, 43.2]",Canada,Canada
342,Grüneberg,11426,Valid,H4,1000.0,Fell,1841-01-01T00:00:00.000,51.93333,15.5,"[15.5, 51.93333]",Poland,Poland
343,Grzempach,11429,Valid,H5,690.0,Fell,1910-01-01T00:00:00.000,52.86667,16.63333,"[16.63333, 52.86667]",Poland,Poland
347,Guangrao,11437,Valid,L6,1900.0,Fell,1980-01-01T00:00:00.000,37.1,118.4,"[118.4, 37.1]",China,China
349,Guêa,11440,Valid,Stone-uncl,1915.0,Fell,1891-01-01T00:00:00.000,43.76667,20.23333,"[20.23333, 43.76667]",Serbia,Serbia
350,Guibga,11442,Valid,L5,288.0,Fell,1972-01-01T00:00:00.000,13.5,-0.68333,"[-0.6833300000000001, 13.5]",Burkina Faso,Burkina Faso
351,Guidder,11443,Valid,LL5,968.0,Fell,1949-01-01T00:00:00.000,9.91667,13.98333,"[13.98333, 9.91667]",Cameroon,Cameroon
355,Gurram Konda,11464,Valid,L6,28.0,Fell,1814-01-01T00:00:00.000,13.78333,78.56667,"[78.56667, 13.78333]",India,India
357,Gütersloh,11466,Valid,H3/4,1000.0,Fell,1851-01-01T00:00:00.000,51.91667,8.38333,"[8.38333, 51.91667]",Germany,Germany
358,Gyokukei,11467,Valid,OC,1320.0,Fell,1930-01-01T00:00:00.000,35.0,127.5,"[127.5, 35]",South Korea,South Korea
361,Hallingeberg,11479,Valid,L3.4,1456.0,Fell,1944-01-01T00:00:00.000,57.81667,16.23333,"[16.23333, 57.81667]",Sweden,Sweden
363,Haraiya,11824,Valid,Eucrite-mmict,1000.0,Fell,1878-01-01T00:00:00.000,26.8,82.53333,"[82.53333, 26.8]",India,India
364,Haripura,11829,Valid,CM2,315.0,Fell,1921-01-01T00:00:00.000,28.38333,75.78333,"[75.78333, 28.38333]",India,India
366,Harrison County,11842,Valid,L6,680.0,Fell,1859-01-01T00:00:00.000,38.25,-86.16667,"[-86.16667, 38.25]",United States,United States
368,Hassi-Jekna,11852,Valid,"Iron, IAB-sHL",1250.0,Fell,1890-01-01T00:00:00.000,28.95,0.81667,"[0.8166700000000001, 28.95]",Algeria,Algeria
370,Haverö,11859,Valid,Ureilite,1544.0,Fell,1971-01-01T00:00:00.000,60.24556,22.06194,"[22.06194, 60.24556]",Finland,Finland
373,Heredia,11875,Valid,H5,1000.0,Fell,1857-01-01T00:00:00.000,10.0,-84.1,"[-84.1, 10]",Costa Rica,Costa Rica
375,Higashi-koen,11883,Valid,H5,750.0,Fell,1897-01-01T00:00:00.000,33.6,130.43333,"[130.43333, 33.6]",Japan,Japan
377,Hiroshima,11889,Valid,H5,414.0,Fell,2003-01-01T00:00:00.000,34.45,132.38333,"[132.38333, 34.45]",Japan,Japan
381,Holetta,11895,Valid,Stone-uncl,1415.0,Fell,1923-01-01T00:00:00.000,9.06667,38.41667,"[38.41667, 9.06667]",Ethiopia,Ethiopia
384,Hotse,11913,Valid,L6,180.0,Fell,1956-01-01T00:00:00.000,35.66667,115.5,"[115.5, 35.66667]",China,China
387,Huaxi,54719,Valid,H5,1600.0,Fell,2010-01-01T00:00:00.000,26.46469,106.63241,"[106.63241, 26.46469]",China,China
388,Hungen,11986,Valid,H6,112.0,Fell,1877-01-01T00:00:00.000,50.3,8.91667,"[8.91667, 50.3]",Germany,Germany
395,Iguaracu,12003,Valid,H5,1200.0,Fell,1977-01-01T00:00:00.000,-23.2,-51.83333,"[-51.83333, -23.2]",Brazil,Brazil
398,Independence,12028,Valid,L6,880.0,Fell,1917-01-01T00:00:00.000,39.08333,-94.4,"[-94.4, 39.08333]",United States,United States
402,Ishinga,12049,Valid,H,1300.0,Fell,1954-01-01T00:00:00.000,-8.93333,33.8,"[33.8, -8.93333]",Tanzania,Tanzania
408,Jajh deh Kot Lalu,12067,Valid,EL6,973.0,Fell,1926-01-01T00:00:00.000,26.75,68.41667,"[68.41667, 26.75]",Pakistan,Pakistan
409,Jalanash,12068,Valid,Ureilite,700.0,Fell,1990-01-01T00:00:00.000,,,,NaN,NaN
410,Jalandhar,12069,Valid,Iron,1967.0,Fell,1621-01-01T00:00:00.000,31.0,75.0,"[75, 31]",India,India
411,Jamkheir,12072,Valid,H6,22.0,Fell,1866-01-01T00:00:00.000,18.75,75.33333,"[75.33333, 18.75]",India,India
414,Jemlapur,12079,Valid,L6,450.0,Fell,1901-01-01T00:00:00.000,,,,NaN,NaN
417,Jiange,12086,Valid,H5,222.0,Fell,1964-01-01T00:00:00.000,31.91667,104.91667,"[104.91667, 31.91667]",China,China
420,Jodiya,47362,Valid,L5,100.0,Fell,2006-01-01T00:00:00.000,22.68,70.31333,"[70.31333, 22.68]",India,India
421,Jodzie,12173,Valid,Howardite,30.0,Fell,1877-01-01T00:00:00.000,55.7,24.4,"[24.4, 55.7]",Lithuania,Lithuania
423,Jolomba,12199,Valid,LL6,483.0,Fell,1974-01-01T00:00:00.000,-11.85,15.83333,"[15.83333, -11.85]",Angola,Angola
426,Judesegeri,12207,Valid,H6,680.0,Fell,1876-01-01T00:00:00.000,12.85,76.8,"[76.8, 12.85]",India,India
428,Junan,12210,Valid,L6,950.0,Fell,1976-01-01T00:00:00.000,35.2,118.8,"[118.8, 35.2]",China,China
433,Kadonah,12221,Valid,H6,89.0,Fell,1822-01-01T00:00:00.000,27.08333,78.33333,"[78.33333, 27.08333]",India,India
434,Kaee,12222,Valid,H5,230.0,Fell,1838-01-01T00:00:00.000,27.25,79.96667,"[79.96667, 27.25]",India,India
435,Kagarlyk,12227,Valid,L6,1900.0,Fell,1908-01-01T00:00:00.000,49.86667,30.83333,"[30.83333, 49.86667]",Ukraine,Ukraine
438,Kakangari,12230,Valid,K3,350.0,Fell,1890-01-01T00:00:00.000,12.38333,78.51667,"[78.51667, 12.38333]",India,India
439,Kakowa,12231,Valid,L6,577.0,Fell,1858-01-01T00:00:00.000,45.13333,21.66667,"[21.66667, 45.13333]",Romania,Romania
440,Kalaba,12232,Valid,H4,950.0,Fell,1951-01-01T00:00:00.000,-6.83333,29.5,"[29.5, -6.83333]",Democratic Republic of the Congo,Democratic Republic of the Congo
443,Kamiomi,12240,Valid,H5,448.0,Fell,1913-01-01T00:00:00.000,36.04167,139.95667,"[139.95667, 36.04167]",Japan,Japan
444,Kamsagar,12241,Valid,L6,1293.0,Fell,1902-01-01T00:00:00.000,14.18333,75.8,"[75.8, 14.18333]",India,India
445,Kandahar (Afghanistan),12243,Valid,L6,299.0,Fell,1959-01-01T00:00:00.000,31.6,65.78333,"[65.78333, 31.6]",Afghanistan,Afghanistan
446,Kangean,12245,Valid,H5,1630.0,Fell,1908-01-01T00:00:00.000,-7.0,115.5,"[115.5, -7]",Indonesia,Indonesia
447,Kangra Valley,12246,Valid,H5,400.0,Fell,1897-01-01T00:00:00.000,32.08333,76.3,"[76.3, 32.08333]",India,India
449,Kaprada,47357,Valid,L5/6,1600.0,Fell,2004-01-01T00:00:00.000,20.33916,73.22329,"[73.22329, 20.33916]",India,India
453,Karewar,12260,Valid,L6,180.0,Fell,1949-01-01T00:00:00.000,12.9,7.15,"[7.15, 12.9]",Nigeria,Nigeria
457,Kasamatsu,12266,Valid,H,710.0,Fell,1938-01-01T00:00:00.000,35.36667,136.76667,"[136.76667, 35.36667]",Japan,Japan
459,Katagum,35465,Valid,L6,1500.0,Fell,1999-01-01T00:00:00.000,11.33333,10.08333,"[10.08333, 11.33333]",Nigeria,Nigeria
471,Kharkov,12291,Valid,L6,1500.0,Fell,1787-01-01T00:00:00.000,50.625,35.075,"[35.075, 50.625]",Ukraine,Ukraine
472,Kheragur,12294,Valid,L6,450.0,Fell,1860-01-01T00:00:00.000,26.95,77.88333,"[77.88333, 26.95]",India,India
473,Khetri,12296,Valid,H6,100.0,Fell,1867-01-01T00:00:00.000,28.01667,75.81667,"[75.81667, 28.01667]",India,India
479,Kiffa,12303,Valid,H5,1500.0,Fell,1970-01-01T00:00:00.000,16.58333,-11.33333,"[-11.33333, 16.58333]",Mauritania,Mauritania
480,Kijima (1906),12305,Valid,Stone-uncl,331.0,Fell,1906-01-01T00:00:00.000,36.85,138.38333,"[138.38333, 36.85]",Japan,Japan
481,Kikino,12306,Valid,H6,195.0,Fell,1809-01-01T00:00:00.000,55.0,34.0,"[34, 55]",Russia,Russia
483,Kilbourn,12308,Valid,H5,772.0,Fell,1911-01-01T00:00:00.000,43.58333,-89.6,"[-89.6, 43.58333]",United States,United States
484,Killeter,12309,Valid,H6,140.0,Fell,1844-01-01T00:00:00.000,54.66667,-7.66667,"[-7.66667, 54.66667]",United Kingdom,United Kingdom
487,Kisvarsány,12325,Valid,L6,1550.0,Fell,1914-01-01T00:00:00.000,48.16667,22.30833,"[22.30833, 48.16667]",Hungary,Hungary
491,Kobe,12336,Valid,CK4,136.0,Fell,1999-01-01T00:00:00.000,34.73333,135.16667,"[135.16667, 34.73333]",Japan,Japan
493,Komagome,12343,Valid,Iron,238.0,Fell,1926-01-01T00:00:00.000,35.73333,139.75,"[139.75, 35.73333]",Japan,Japan
494,Konovo,12344,Valid,LL5,90.0,Fell,1931-01-01T00:00:00.000,42.51667,26.16667,"[26.16667, 42.51667]",Bulgaria,Bulgaria
508,Kusiali,12382,Valid,L6,5.0,Fell,1860-01-01T00:00:00.000,29.68333,78.38333,"[78.38333, 29.68333]",India,India
509,Kutais,12383,Valid,H5,23.0,Fell,1977-01-01T00:00:00.000,44.51667,39.3,"[39.3, 44.51667]",Russia,Russia
514,La Charca,12394,Valid,OC,399.0,Fell,1878-01-01T00:00:00.000,20.66667,-101.28333,"[-101.28333, 20.66667]",Mexico,Mexico
518,Lahrauli,12433,Valid,Ureilite,900.0,Fell,1955-01-01T00:00:00.000,26.78333,82.71667,"[82.71667, 26.78333]",India,India
522,Lalitpur,12451,Valid,L6,372.0,Fell,1887-01-01T00:00:00.000,24.45,78.56667,"[78.56667, 24.45]",India,India
526,Lanxi,12464,Valid,L6,1282.0,Fell,1986-01-01T00:00:00.000,46.24167,126.19611,"[126.19611, 46.24167]",China,China
529,Launton,12740,Valid,L6,1060.0,Fell,1830-01-01T00:00:00.000,51.9,-1.11667,"[-1.11667, 51.9]",United Kingdom,United Kingdom
530,Lavrentievka,12743,Valid,L6,800.0,Fell,1938-01-01T00:00:00.000,52.45,51.56667,"[51.56667, 52.45]",Russia,Russia
532,Le Teilleul,12749,Valid,Howardite,780.0,Fell,1845-01-01T00:00:00.000,48.53333,-0.86667,"[-0.86667, 48.53333]",France,France
534,Leeuwfontein,12756,Valid,L6,460.0,Fell,1912-01-01T00:00:00.000,-25.66667,28.36667,"[28.36667, -25.66667]",South Africa,South Africa
536,Leighton,12760,Valid,H5,877.0,Fell,1907-01-01T00:00:00.000,34.58333,-87.5,"[-87.5, 34.58333]",United States,United States
537,Leonovka,12765,Valid,L6,700.0,Fell,1900-01-01T00:00:00.000,52.26667,32.85,"[32.85, 52.26667]",Ukraine,Ukraine
538,Les Ormes,12769,Valid,L6,125.0,Fell,1857-01-01T00:00:00.000,48.35,3.25,"[3.25, 48.35]",France,France
543,Linum,14655,Valid,L6,1862.0,Fell,1854-01-01T00:00:00.000,52.75,12.9,"[12.9, 52.75]",Germany,Germany
544,Lishui,14659,Valid,L5,498.0,Fell,1978-01-01T00:00:00.000,31.63333,118.98333,"[118.98333, 31.63333]",China,China
546,Little Piney,14664,Valid,L5,491.0,Fell,1839-01-01T00:00:00.000,37.91667,-92.08333,"[-92.08333, 37.91667]",United States,United States
548,Lodran,14675,Valid,Lodranite,1000.0,Fell,1868-01-01T00:00:00.000,29.53333,71.8,"[71.8, 29.53333]",Pakistan,Pakistan
551,Los Martinez,14708,Valid,L6,25.0,Fell,1894-01-01T00:00:00.000,38.0,-0.83333,"[-0.83333, 38]",Spain,Spain
553,Louisville,14716,Valid,L6,1300.0,Fell,1977-01-01T00:00:00.000,38.25,-85.75,"[-85.75, 38.25]",United States,United States
557,Lumpkin,14753,Valid,L6,340.0,Fell,1869-01-01T00:00:00.000,32.03333,-84.76667,"[-84.76667, 32.03333]",United States,United States
560,Luotolax,14756,Valid,Howardite,885.0,Fell,1813-01-01T00:00:00.000,61.2,27.7,"[27.7, 61.2]",Finland,Finland
563,Mabwe-Khoywa,14764,Valid,L5,540.0,Fell,1937-01-01T00:00:00.000,19.0,97.0,"[97, 19]",Myanmar,Myanmar
564,Macau,15370,Valid,H5,1500.0,Fell,1836-01-01T00:00:00.000,-5.2,-36.66667,"[-36.66667, -5.2]",Brazil,Brazil
566,Macibini,15372,Valid,Eucrite-pmict,1995.0,Fell,1936-01-01T00:00:00.000,-28.83333,31.95,"[31.95, -28.83333]",South Africa,South Africa
567,Madhipura,15379,Valid,L,1000.0,Fell,1950-01-01T00:00:00.000,25.91667,86.36667,"[86.36667, 25.91667]",India,India
568,Madiun,15380,Valid,L6,400.0,Fell,1935-01-01T00:00:00.000,-7.75,111.53333,"[111.53333, -7.75]",Indonesia,Indonesia
569,Madrid,15382,Valid,L6,400.0,Fell,1896-01-01T00:00:00.000,40.41667,-3.71667,"[-3.71667, 40.41667]",Spain,Spain
570,Mafra,15383,Valid,L3-4,600.0,Fell,1941-01-01T00:00:00.000,-26.16667,-49.93333,"[-49.93333, -26.16667]",Brazil,Brazil
575,Malaga,15393,Valid,OC,150.0,Fell,1933-01-01T00:00:00.000,32.21667,-104.0,"[-104, 32.21667]",United States,United States
577,Malampaka,15395,Valid,H,470.0,Fell,1930-01-01T00:00:00.000,-3.13333,33.51667,"[33.51667, -3.13333]",Tanzania,Tanzania
579,Malvern,15400,Valid,Eucrite-pmict,807.0,Fell,1933-01-01T00:00:00.000,-29.45,26.76667,"[26.76667, -29.45]",South Africa,South Africa
580,Mamra Springs,15401,Valid,L6,1000.0,Fell,1927-01-01T00:00:00.000,45.21667,62.08333,"[62.08333, 45.21667]",Kazakhstan,Kazakhstan
581,Manbhoom,15402,Valid,LL6,1700.0,Fell,1863-01-01T00:00:00.000,23.05,86.7,"[86.7, 23.05]",India,India
582,Manegaon,15403,Valid,Diogenite,50.0,Fell,1843-01-01T00:00:00.000,20.96667,76.1,"[76.1, 20.96667]",India,India
586,Maria Linden,15418,Valid,L4,114.0,Fell,1925-01-01T00:00:00.000,,,,NaN,NaN
587,Mariaville,15419,Valid,Iron,340.0,Fell,1898-01-01T00:00:00.000,42.71667,-99.38333,"[-99.38333, 42.71667]",United States,United States
595,Maryville,15436,Valid,L6,1443.0,Fell,1983-01-01T00:00:00.000,35.8,-84.1,"[-84.1, 35.8]",United States,United States
596,Mascombes,15438,Valid,L6,1000.0,Fell,1836-01-01T00:00:00.000,45.36667,1.86667,"[1.86667, 45.36667]",France,France
598,Mässing,15443,Valid,Howardite,1600.0,Fell,1803-01-01T00:00:00.000,48.13333,12.61667,"[12.61667, 48.13333]",Germany,Germany
600,Mauritius,15447,Valid,L6,220.0,Fell,1801-01-01T00:00:00.000,-20.0,57.0,"[57, -20]",NaN,NaN
605,Medanitos,15467,Valid,Eucrite-cm,31.0,Fell,1953-01-01T00:00:00.000,-27.25,-67.5,"[-67.5, -27.25]",Argentina,Argentina
606,Meerut,15469,Valid,H5,22.0,Fell,1861-01-01T00:00:00.000,29.01667,77.8,"[77.8, 29.01667]",India,India
614,Meuselbach,16626,Valid,L6,870.0,Fell,1897-01-01T00:00:00.000,50.58333,11.1,"[11.1, 50.58333]",Germany,Germany
615,Mezel,16627,Valid,L6,1300.0,Fell,1949-01-01T00:00:00.000,45.76667,3.25,"[3.25, 45.76667]",France,France
617,Mhow,16629,Valid,L6,350.0,Fell,1827-01-01T00:00:00.000,25.9,83.61667,"[83.61667, 25.9]",India,India
618,Mianchi,16631,Valid,H5,1100.0,Fell,1980-01-01T00:00:00.000,34.8,111.7,"[111.7, 34.8]",China,China
619,Middlesbrough,16632,Valid,L6,1600.0,Fell,1881-01-01T00:00:00.000,54.56667,-1.16667,"[-1.16667, 54.56667]",United Kingdom,United Kingdom
627,Minamino,16692,Valid,L,1040.0,Fell,1632-01-01T00:00:00.000,35.07833,136.93333,"[136.93333, 35.07833]",Japan,Japan
628,Mineo,16696,Valid,Pallasite,42.0,Fell,1826-01-01T00:00:00.000,37.28333,14.7,"[14.7, 37.28333]",Italy,Italy
630,Minnichhof,16700,Valid,OC,550.0,Fell,1905-01-01T00:00:00.000,47.7,16.6,"[16.6, 47.7]",Hungary,Hungary
638,Molteno,16717,Valid,Howardite,150.0,Fell,1953-01-01T00:00:00.000,-31.25,26.46667,"[26.46667, -31.25]",South Africa,South Africa
644,Montlivault,16729,Valid,L6,500.0,Fell,1838-01-01T00:00:00.000,47.63333,1.58333,"[1.5833300000000001, 47.63333]",France,France
646,Moore County,16736,Valid,Eucrite-cm,1880.0,Fell,1913-01-01T00:00:00.000,35.41667,-79.38333,"[-79.38333, 35.41667]",United States,United States
649,Moradabad,16740,Valid,L6,70.0,Fell,1808-01-01T00:00:00.000,28.78333,78.83333,"[78.83333, 28.78333]",India,India
650,Morávka,16742,Valid,H5,633.0,Fell,2000-01-01T00:00:00.000,49.6,18.53333,"[18.53333, 49.6]",Czechia,Czechia
651,Mornans,16747,Valid,H5,1300.0,Fell,1875-01-01T00:00:00.000,44.6,5.13333,"[5.13333, 44.6]",France,France
653,Moti-ka-nagla,16759,Valid,H6,1500.0,Fell,1868-01-01T00:00:00.000,26.83333,77.33333,"[77.33333, 26.83333]",India,India
658,Mtola,16820,Valid,Stone-uncl,1100.0,Fell,1944-01-01T00:00:00.000,-11.5,33.5,"[33.5, -11.5]",Malawi,Malawi
664,Muzaffarpur,16885,Valid,"Iron, IAB-sHL",1245.0,Fell,1964-01-01T00:00:00.000,26.13333,85.53333,"[85.53333, 26.13333]",India,India
667,Nagai,16890,Valid,L6,1810.0,Fell,1922-01-01T00:00:00.000,38.12167,140.06167,"[140.06167, 38.12167]",Japan,Japan
668,Nagaria,16892,Valid,Eucrite-cm,20.0,Fell,1875-01-01T00:00:00.000,26.98333,78.21667,"[78.21667, 26.98333]",India,India
675,Nantong,16907,Valid,H6,529.0,Fell,1984-01-01T00:00:00.000,32.11667,121.8,"[121.8, 32.11667]",China,China
680,Nassirah,16922,Valid,H4,347.0,Fell,1936-01-01T00:00:00.000,-21.73333,165.9,"[165.9, -21.73333]",France,France
682,Nawapali,16927,Valid,CM2,105.0,Fell,1890-01-01T00:00:00.000,21.25,83.66667,"[83.66667, 21.25]",India,India
683,Neagari,16934,Valid,L6,420.0,Fell,1995-01-01T00:00:00.000,36.44917,136.46528,"[136.46528, 36.44917]",Japan,Japan
691,Ngawi,16966,Valid,LL3.6,1393.0,Fell,1883-01-01T00:00:00.000,-7.45,111.41667,"[111.41667, -7.45]",Indonesia,Indonesia
700,Nio,16982,Valid,H3-4,467.0,Fell,1897-01-01T00:00:00.000,34.2,131.56667,"[131.56667, 34.2]",Japan,Japan
704,Nogata,16988,Valid,L6,472.0,Fell,0861-01-01T00:00:00.000,33.725,130.75,"[130.75, 33.725]",Japan,Japan
706,Norfork,16994,Valid,"Iron, IIIAB",1050.0,Fell,1918-01-01T00:00:00.000,36.21667,-92.26667,"[-92.26667, 36.21667]",United States,United States
708,Noventa Vicentina,17930,Valid,H4,177.0,Fell,1971-01-01T00:00:00.000,45.29167,11.52722,"[11.52722, 45.29167]",Italy,Italy
709,Novo-Urei,17933,Valid,Ureilite,1900.0,Fell,1886-01-01T00:00:00.000,54.81667,46.0,"[46, 54.81667]",Russia,Russia
711,Novy-Projekt,17935,Valid,OC,1001.0,Fell,1908-01-01T00:00:00.000,56.0,22.0,"[22, 56]",Lithuania,Lithuania
712,Noyan-Bogdo,17936,Valid,L6,250.0,Fell,1933-01-01T00:00:00.000,42.91667,102.46667,"[102.46667, 42.91667]",Mongolia,Mongolia
715,Numakai,17960,Valid,H4,363.0,Fell,1925-01-01T00:00:00.000,43.33333,141.86667,"[141.86667, 43.33333]",Japan,Japan
717,Nyirábrany,17970,Valid,LL5,1100.0,Fell,1914-01-01T00:00:00.000,47.55,22.025,"[22.025, 47.55]",Hungary,Hungary
719,Oesede,17988,Valid,H5,1400.0,Fell,1927-01-01T00:00:00.000,52.28333,8.05,"[8.05, 52.28333]",Germany,Germany
726,Okabe,17998,Valid,H5,194.0,Fell,1958-01-01T00:00:00.000,36.18333,139.21667,"[139.21667, 36.18333]",Japan,Japan
735,Orlando,34489,Valid,Eucrite,180.0,Fell,2004-01-01T00:00:00.000,28.5475,-81.36222,"[-81.36222, 28.5475]",United States,United States
739,Oterøy,18042,Valid,L6,246.0,Fell,1928-01-01T00:00:00.000,58.88333,9.4,"[9.4, 58.88333]",Norway,Norway
741,Ottawa,18046,Valid,LL6,840.0,Fell,1896-01-01T00:00:00.000,38.6,-95.21667,"[-95.21667, 38.6]",United States,United States
747,Oviedo,18058,Valid,H5,205.0,Fell,1856-01-01T00:00:00.000,43.4,-5.86667,"[-5.86667, 43.4]",Spain,Spain
751,Paitan,18072,Valid,H6,515.0,Fell,1910-01-01T00:00:00.000,17.74333,120.45583,"[120.45583, 17.74333]",Philippines,Philippines
753,Palca de Aparzo,18074,Valid,L5,1430.0,Fell,1988-01-01T00:00:00.000,-23.11667,-65.1,"[-65.1, -23.11667]",Argentina,Argentina
755,Palmyra,18079,Valid,L3,135.0,Fell,1926-01-01T00:00:00.000,39.8,-91.5,"[-91.5, 39.8]",United States,United States
756,Palolo Valley,18082,Valid,H5,682.0,Fell,1949-01-01T00:00:00.000,21.3,-157.78333,"[-157.78333, 21.3]",United States,United States
765,Parsa,18109,Valid,EH3,800.0,Fell,1942-01-01T00:00:00.000,26.2,85.4,"[85.4, 26.2]",India,India
769,Patti,18118,Valid,Iron,12.0,Fell,1922-01-01T00:00:00.000,38.13333,14.96667,"[14.96667, 38.13333]",Italy,Italy
780,Peramiho,18792,Valid,Eucrite-mmict,165.0,Fell,1899-01-01T00:00:00.000,-10.66667,35.5,"[35.5, -10.66667]",Tanzania,Tanzania
782,Perth,18797,Valid,LL5,2.0,Fell,1830-01-01T00:00:00.000,56.4,-3.43333,"[-3.43333, 56.4]",United Kingdom,United Kingdom
785,Pétèlkolé,18800,Valid,H5,189.0,Fell,1995-01-01T00:00:00.000,14.052,0.42,"[0.42, 14.052]",Niger,Niger
786,Petersburg,18801,Valid,Eucrite-pmict,1800.0,Fell,1855-01-01T00:00:00.000,35.3,-86.63333,"[-86.63333, 35.3]",United States,United States
789,Phu Hong,18809,Valid,H4,500.0,Fell,1887-01-01T00:00:00.000,11.25,108.58333,"[108.58333, 11.25]",Vietnam,Vietnam
796,Piquetberg,18832,Valid,H,37.0,Fell,1881-01-01T00:00:00.000,-32.86667,18.71667,"[18.71667, -32.86667]",South Africa,South Africa
797,Pirgunje,18834,Valid,L6,842.0,Fell,1882-01-01T00:00:00.000,25.8,88.45,"[88.45, 25.8]",Bangladesh,Bangladesh
798,Pirthalla,18835,Valid,H6,1161.0,Fell,1884-01-01T00:00:00.000,29.58333,76.0,"[76, 29.58333]",India,India
802,Ploschkovitz,18849,Valid,L5,39.0,Fell,1723-01-01T00:00:00.000,50.53333,14.11667,"[14.11667, 50.53333]",Czechia,Czechia
803,Pnompehn,18851,Valid,L6,96.0,Fell,1868-01-01T00:00:00.000,11.58333,104.91667,"[104.91667, 11.58333]",Cambodia,Cambodia
806,Pokhra,18858,Valid,H5,350.0,Fell,1866-01-01T00:00:00.000,26.71667,82.66667,"[82.66667, 26.71667]",India,India
808,Pontlyfni,18865,Valid,Winonaite,157.0,Fell,1931-01-01T00:00:00.000,53.03639,-4.31944,"[-4.31944, 53.03639]",United Kingdom,United Kingdom
811,Po-wang Chen,18879,Valid,LL,665.0,Fell,1933-01-01T00:00:00.000,31.41667,118.5,"[118.5, 31.41667]",China,China
814,Pricetown,18888,Valid,L6,900.0,Fell,1893-01-01T00:00:00.000,39.11667,-83.85,"[-83.85, 39.11667]",United States,United States
815,Puerto Lápice,45984,Valid,Eucrite-br,500.0,Fell,2007-01-01T00:00:00.000,39.35,-3.51667,"[-3.51667, 39.35]",Spain,Spain
816,Pulsora,18899,Valid,H5,560.0,Fell,1863-01-01T00:00:00.000,23.36667,75.18333,"[75.18333, 23.36667]",India,India
818,Punganaru,18902,Valid,Stone-uncl,100.0,Fell,1811-01-01T00:00:00.000,13.33333,78.95,"[78.95, 13.33333]",India,India
820,Qidong,18907,Valid,L/LL5,1275.0,Fell,1982-01-01T00:00:00.000,32.08333,121.5,"[121.5, 32.08333]",China,China
826,Quincay,22363,Valid,L6,65.0,Fell,1851-01-01T00:00:00.000,46.6,0.25,"[0.25, 46.6]",France,France
832,Rampurhat,22385,Valid,LL,100.0,Fell,1916-01-01T00:00:00.000,24.16667,87.76667,"[87.76667, 24.16667]",India,India
835,Rancho de la Presa,22390,Valid,H5,300.0,Fell,1899-01-01T00:00:00.000,19.86667,-100.81667,"[-100.81667, 19.86667]",Mexico,Mexico
840,Ratyn,22398,Valid,Stone-uncl,910.0,Fell,1880-01-01T00:00:00.000,52.2,17.98333,"[17.98333, 52.2]",Poland,Poland
844,Renazzo,22586,Valid,CR2,1000.0,Fell,1824-01-01T00:00:00.000,44.76667,11.28333,"[11.28333, 44.76667]",Italy,Italy
845,Renca,22587,Valid,L5,300.0,Fell,1925-01-01T00:00:00.000,-32.75,-65.28333,"[-65.28333, -32.75]",Argentina,Argentina
846,Renqiu,22589,Valid,L6,355.0,Fell,1916-01-01T00:00:00.000,38.66667,116.13333,"[116.13333, 38.66667]",China,China
848,Revelstoke,22592,Valid,CI1,1.0,Fell,1965-01-01T00:00:00.000,51.33333,-118.95,"[-118.95, 51.33333]",Canada,Canada
850,Rich Mountain,22597,Valid,L6,668.0,Fell,1903-01-01T00:00:00.000,35.03333,-83.03333,"[-83.03333, 35.03333]",United States,United States
853,Richland Springs,22602,Valid,OC,1900.0,Fell,1980-01-01T00:00:00.000,31.25,-99.03333,"[-99.03333, 31.25]",United States,United States
854,Richmond,22603,Valid,LL5,1800.0,Fell,1828-01-01T00:00:00.000,37.46667,-77.5,"[-77.5, 37.46667]",United States,United States
855,Rio Negro,22611,Valid,L4,1310.0,Fell,1934-01-01T00:00:00.000,-26.1,-49.8,"[-49.8, -26.1]",Brazil,Brazil
857,Rochester,22637,Valid,H6,340.0,Fell,1876-01-01T00:00:00.000,41.08333,-86.28333,"[-86.28333, 41.08333]",United States,United States
858,Rockhampton,22640,Valid,Stone-uncl,1641.0,Fell,1895-01-01T00:00:00.000,-23.38333,150.51667,"[150.51667, -23.38333]",Australia,Australia
859,Roda,22641,Valid,Diogenite,400.0,Fell,1871-01-01T00:00:00.000,42.3,0.55,"[0.55, 42.3]",Spain,Spain
864,Rumuruti,22782,Valid,R3.8-6,67.0,Fell,1934-01-01T00:00:00.000,0.26667,36.53333,"[36.53333, 0.26667]",Kenya,Kenya
867,Sabetmahet,22792,Valid,H5,1250.0,Fell,1855-01-01T00:00:00.000,27.43333,82.08333,"[82.08333, 27.43333]",India,India
868,Sabrum,22793,Valid,LL6,478.0,Fell,1999-01-01T00:00:00.000,23.08333,91.66667,"[91.66667, 23.08333]",India,India
875,Salzwedel,23114,Valid,LL5,43.0,Fell,1985-01-01T00:00:00.000,52.75,11.05,"[11.05, 52.75]",Germany,Germany
877,San Juan Capistrano,23128,Valid,H6,56.0,Fell,1973-01-01T00:00:00.000,33.48472,-117.6625,"[-117.6625, 33.48472]",United States,United States
878,San Michele,31315,Valid,L6,237.0,Fell,2002-01-01T00:00:00.000,43.66667,13.0,"[13, 43.66667]",Italy,Italy
879,San Pedro de Quiles,23130,Valid,L6,282.0,Fell,1956-01-01T00:00:00.000,-31.01667,-71.4,"[-71.4, -31.01667]",Chile,Chile
880,San Pedro Jacuaro,34063,Valid,LL6,460.0,Fell,1968-01-01T00:00:00.000,19.76667,-100.65,"[-100.65, 19.76667]",Mexico,Mexico
881,Santa Barbara,23161,Valid,L4,400.0,Fell,1873-01-01T00:00:00.000,-29.2,-51.86667,"[-51.86667, -29.2]",Brazil,Brazil
882,Santa Cruz,23164,Valid,CM2,60.0,Fell,1939-01-01T00:00:00.000,24.16667,-99.33333,"[-99.33333, 24.16667]",Mexico,Mexico
885,São Jose do Rio Preto,23171,Valid,H4,927.0,Fell,1962-01-01T00:00:00.000,-20.81,-49.38056,"[-49.38056, -20.81]",Brazil,Brazil
887,Sasagase,23187,Valid,H,695.0,Fell,1688-01-01T00:00:00.000,34.71667,137.78333,"[137.78333, 34.71667]",Japan,Japan
890,Sayama,23192,Valid,CM2,430.0,Fell,1986-01-01T00:00:00.000,35.86667,139.4,"[139.4, 35.86667]",Japan,Japan
891,Sazovice,23455,Valid,L5,412.0,Fell,1934-01-01T00:00:00.000,49.23333,17.56667,"[17.56667, 49.23333]",Czechia,Czechia
896,Sediköy,23473,Valid,L6,240.0,Fell,1917-01-01T00:00:00.000,38.3,27.13333,"[27.13333, 38.3]",Turkey,Turkey
898,Selakopi,23481,Valid,H5,1590.0,Fell,1939-01-01T00:00:00.000,-7.23333,107.33333,"[107.33333, -7.23333]",Indonesia,Indonesia
899,Seldebourak,23483,Valid,H5,150.0,Fell,1947-01-01T00:00:00.000,22.83333,4.98333,"[4.9833300000000005, 22.83333]",Algeria,Algeria
900,Semarkona,23487,Valid,LL3.00,691.0,Fell,1940-01-01T00:00:00.000,22.25,79.0,"[79, 22.25]",India,India
902,Senboku,23496,Valid,H6,866.0,Fell,1993-01-01T00:00:00.000,39.43833,140.51167,"[140.51167, 39.43833]",Japan,Japan
905,Serra de Magé,23502,Valid,Eucrite-cm,1800.0,Fell,1923-01-01T00:00:00.000,-8.38333,-36.76667,"[-36.76667, -8.38333]",Brazil,Brazil
906,Sete Lagoas,23504,Valid,H4,350.0,Fell,1908-01-01T00:00:00.000,-19.46667,-44.21667,"[-44.21667, -19.46667]",Brazil,Brazil
907,Sevilla,23508,Valid,LL4,180.0,Fell,1862-01-01T00:00:00.000,37.41667,-6.0,"[-6, 37.41667]",Spain,Spain
911,Sharps,23525,Valid,H3.4,1265.0,Fell,1921-01-01T00:00:00.000,37.83333,-76.7,"[-76.7, 37.83333]",United States,United States
914,Sheyang,23531,Valid,L6,605.0,Fell,1976-01-01T00:00:00.000,33.65,120.06667,"[120.06667, 33.65]",China,China
921,Silao,23594,Valid,H5,1710.0,Fell,1995-01-01T00:00:00.000,20.93333,-101.38333,"[-101.38333, 20.93333]",Mexico,Mexico
923,Simmern,23603,Valid,H5,1222.0,Fell,1920-01-01T00:00:00.000,49.98333,7.53333,"[7.53333, 49.98333]",Germany,Germany
924,Sinai,23606,Valid,L6,1455.0,Fell,1916-01-01T00:00:00.000,30.9,32.48333,"[32.48333, 30.9]",Egypt,Egypt
928,Sitathali,23616,Valid,H5,1600.0,Fell,1875-01-01T00:00:00.000,20.91667,82.58333,"[82.58333, 20.91667]",India,India
930,Sixiangkou,23619,Valid,L5,630.0,Fell,1989-01-01T00:00:00.000,32.43333,119.86667,"[119.86667, 32.43333]",China,China
931,Ski,23621,Valid,L6,850.0,Fell,1848-01-01T00:00:00.000,59.73333,10.86667,"[10.86667, 59.73333]",Norway,Norway
932,Slavetic,23626,Valid,H5,1708.0,Fell,1868-01-01T00:00:00.000,45.68333,15.6,"[15.6, 45.68333]",Croatia,Croatia
936,Sologne,23663,Valid,H5,54.0,Fell,1860-01-01T00:00:00.000,47.36667,1.73333,"[1.73333, 47.36667]",France,France
937,Sołtmany,53829,Valid,L6,1066.0,Fell,2011-01-01T00:00:00.000,54.00883,22.005,"[22.005, 54.00883]",Poland,Poland
940,Sopot,23670,Valid,OC,958.0,Fell,1927-01-01T00:00:00.000,44.41667,23.5,"[23.5, 44.41667]",Romania,Romania
942,St. Caprais-de-Quinsac,23081,Valid,L6,360.0,Fell,1883-01-01T00:00:00.000,44.75,0.05,"[0.05, 44.75]",France,France
944,St. Denis Westrem,23083,Valid,L6,700.0,Fell,1855-01-01T00:00:00.000,51.05,3.75,"[3.75, 51.05]",Belgium,Belgium
946,St. Louis,23089,Valid,H4,1000.0,Fell,1950-01-01T00:00:00.000,38.7,-90.23333,"[-90.23333, 38.7]",United States,United States
954,Stavropol,23717,Valid,L6,1500.0,Fell,1857-01-01T00:00:00.000,45.05,41.98333,"[41.98333, 45.05]",Russia,Russia
958,Stratford,23728,Valid,L6,50.0,Fell,1974-01-01T00:00:00.000,41.2,-73.13333,"[-73.13333, 41.2]",United States,United States
967,Sungach,23745,Valid,H5,637.0,Fell,1935-01-01T00:00:00.000,44.86667,133.16667,"[133.16667, 44.86667]",Russia,Russia
974,Tahara,23784,Valid,H4/5,1000.0,Fell,1991-01-01T00:00:00.000,34.72,137.305,"[137.305, 34.72]",Japan,Japan
975,Takenouchi,23789,Valid,H5,720.0,Fell,1880-01-01T00:00:00.000,35.38333,134.9,"[134.9, 35.38333]",Japan,Japan
976,Talampaya,23791,Valid,Eucrite-cm,1421.0,Fell,1995-01-01T00:00:00.000,,,,NaN,NaN
979,Tané,23801,Valid,L5,905.0,Fell,1918-01-01T00:00:00.000,35.43333,136.23333,"[136.23333, 35.43333]",Japan,Japan
987,Thal,23908,Valid,H6,342.0,Fell,1950-01-01T00:00:00.000,33.4,70.6,"[70.6, 33.4]",Pakistan,Pakistan
995,Tirupati,24009,Valid,H6,230.0,Fell,1934-01-01T00:00:00.000,13.63333,79.41667,"[79.41667, 13.63333]",India,India
999,Tomakovka,24019,Valid,LL6,600.0,Fell,1905-01-01T00:00:00.000,47.85,34.76667,"[34.76667, 47.85]",Ukraine,Ukraine
